Image,Model No.,Brand,MRP,Offer
,GW0033L8,Guess,16495,No Offer
,GW0202G4,Guess,19995,No Offer
,GW0202G2,Guess,19995,No Offer
,GW0265G8,Guess,16995,No Offer
,GW0308L6,Guess,15995,No Offer
,GW0265G10,Guess,14495,No Offer
,GW0265G12,Guess,17995,No Offer
,GW0308L5,Guess,15995,No Offer
,GW0265G7,Guess,14495,No Offer
,GW0404L2,Guess,12995,No Offer
,GW0404L3,Guess,13995,No Offer
,GW0456G1,Guess,20995,No Offer
,GW0456G2,Guess,20995,No Offer
,GW0470L3,Guess,18995,No Offer
,GW0456G3,Guess,20995,No Offer
,GW0488G2,Guess,16995,30% OFF
,GW0503G1,Guess,7995,30% OFF
,GW0491G4,Guess,16995,No Offer
,GW0503G2,Guess,8995,No Offer
,GW0500G1,Guess,18995,No Offer
,GW0539G2,Guess,23995,No Offer
,GW0539G3,Guess,22495,30% OFF
,GW0558L2,Guess,18495,30% OFF
,GW0572G3,Guess,20995,No Offer
,GW0571G5,Guess,17995,30% OFF
,GW0571G3,Guess,19995,No Offer
,GW0572G2,Guess,20995,No Offer
,GW0572G5,Guess,20995,No Offer
,GW0572G4,Guess,20995,No Offer
,GW0615L3,Guess,14995,No Offer
,GW0575G5,Guess,17495,No Offer
,GW0574G3,Guess,13995,No Offer
,GW0575G1,Guess,15995,No Offer
,GW0575G3,Guess,17495,No Offer
,GW0615L2,Guess,13995,No Offer
,GW0575G2,Guess,16995,No Offer
,GW0613L2,Guess,14995,30% OFF
,GW0613L3,Guess,15995,No Offer
,GW0605L3,Guess,15995,No Offer
,GW0607L3,Guess,11495,30% OFF
,GW0606L2,Guess,10495,30% OFF
,GW0620L3,Guess,14495,30% OFF
,GW0617L3,Guess,17995,No Offer
,GW0661G3,Guess,14495,30% OFF
,GW0658L1,Guess,10995,No Offer
,GW0657L3,Guess,15995,No Offer
,GW0627G2,Guess,16995,No Offer
,GW0626G2,Guess,14495,No Offer
,GW0668L3,Guess,16495,No Offer
,GW0658L3,Guess,11995,No Offer
,GW0627G3,Guess,16995,No Offer
,GW0686L3,Guess,14995,No Offer
,GW0675L3,Guess,13995,No Offer
,GW0686L2,Guess,13995,No Offer
,GW0714G4,Guess,17995,No Offer
,GW0723L2,Guess,17995,No Offer
,GW0686L4,Guess,13495,No Offer
,GW0708G2,Guess,13995,No Offer
,GW0714G3,Guess,19995,No Offer
,GW0725L1,Guess,14995,No Offer
,GW0703G3,Guess,18995,No Offer
,GW0694L4,Guess,16995,No Offer
,GW0728G2,Guess,9495,No Offer
,GW0690L4,Guess,23995,30% OFF
,GW0703G4,Guess,18995,No Offer
,GW0713G2,Guess,18995,30% OFF
,GW0685L3,Guess,19995,No Offer
,GW0760L2,Guess,16995,No Offer
,GW0767L2,Guess,12495,30% OFF
,GW0781G4,Guess,9995,No Offer
,GW0770L5,Guess,15995,No Offer
,GW0765L2,Guess,16995,No Offer
,GW0762L6,Guess,14995,No Offer
,GW0769L4,Guess,17995,No Offer
,GW0767L4,Guess,12995,No Offer
,GW0765L1,Guess,15995,No Offer
,GW0745L4,Guess,11995,No Offer
,GW0777L3,Guess,19995,No Offer
,GW0770L1,Guess,13995,No Offer
,GW0786G1,Guess,18995,No Offer
,GW0750L1,Guess,21995,30% OFF
,GW0766L3,Guess,9995,No Offer
,GW0786G2,Guess,19995,No Offer
,GW0782G1,Guess,13995,No Offer
,GW0753L5,Guess,17495,No Offer
,GW0781G5,Guess,9995,No Offer
,GW0762L5,Guess,14995,No Offer
,GW0769L3,Guess,17995,No Offer
,GW0782G3,Guess,11995,30% OFF
,GW0767L5,Guess,13495,No Offer
,GW0762L2,Guess,13995,30% OFF
,GW0767L3,Guess,13495,No Offer
,GW0769L2,Guess,17995,No Offer
,GW0760L3,Guess,17995,No Offer
,GW0753L4,Guess,16495,No Offer
,GW0768L2,Guess,13995,No Offer
,GW0770L2,Guess,15995,No Offer
,GW0770L4,Guess,15995,No Offer
,GW0744L2,Guess,11995,30% OFF
,GW0795G4,Guess,19995,No Offer
,GW0795G2,Guess,19995,No Offer
,GW0789G4,Guess,16995,No Offer
,GW0833G1,Guess,16995,No Offer
,GW0795G3,Guess,19995,No Offer
,GW0803G2,Guess,19995,No Offer
,GW0799G2,Guess,18495,No Offer
,GW0833G2,Guess,16995,No Offer
,GW0798G3,Guess,20995,No Offer
,GW0799G1,Guess,17495,No Offer
,GW0790G2,Guess,12995,No Offer
,GW0800G1,Guess,20995,No Offer
,GW0805G3,Guess,9995,No Offer
,GW0833G3,Guess,17995,No Offer
,GW0804G4,Guess,11495,No Offer
,GW0793G1,Guess,13995,No Offer
,GW0795G1,Guess,18995,No Offer
,GW0791G2,Guess,16995,No Offer
,GW0900G5,Guess,17495,No Offer
,GW0894G3,Guess,11995,No Offer
,GW0894G2,Guess,11995,No Offer
,GW0893G5,Guess,13495,No Offer
,GW0900G3,Guess,16495,No Offer
,GW0913G2,Guess,13995,No Offer
,GW0703G6,Guess,17995,No Offer
,GW0265G13,Guess,17995,No Offer
,GW0265G14,Guess,16995,No Offer
,GW0900G4,Guess,14995,No Offer
,GW0404L4,Guess,12995,No Offer
,GW0865L3,Guess,15995,No Offer
,GW0835L2,Guess,14495,No Offer
,GW0850G3,Guess,13995,No Offer
,GW0846G2,Guess,13995,No Offer
,GW0841L3,Guess,15995,No Offer
,GW0861L3,Guess,14995,No Offer
,GW0849G1,Guess,12995,No Offer
,GW0683L6,Guess,18995,No Offer
,GW0354L6,Guess,14995,No Offer
,GW0861L5,Guess,15995,No Offer
,GW0893G2,Guess,14495,No Offer
,GW0871L2,Guess,15995,No Offer
,GW0866L3,Guess,16995,No Offer
,GW0867L3,Guess,16995,No Offer
,GW0876L3,Guess,14995,No Offer
,GW0871L3,Guess,17995,No Offer
,GW0867L2,Guess,14995,No Offer
,GW0878L2,Guess,19995,No Offer
,GW0882L3,Guess,15995,No Offer
,GW0882L2,Guess,13995,No Offer
,GW0861L4,Guess,14995,No Offer
,GW0901G3,Guess,15995,No Offer
,GW0901G4,Guess,14995,No Offer
,GW0866L2,Guess,15995,No Offer
,GW0860L2,Guess,10995,No Offer
,GW0901G5,Guess,15995,No Offer
,GW0873L2,Guess,13995,No Offer
,GW0893G1,Guess,13495,No Offer
,GW0873L3,Guess,15495,No Offer
,GW0869L2,Guess,15995,No Offer
,GW0874L2,Guess,15995,No Offer
,GW0873L1,Guess,12495,No Offer
,GW0887G2,Guess,11995,No Offer
,GW0915G1,Guess,14995,No Offer
,GW0909G2,Guess,17995,No Offer
